,Training,Validation,Testing
Adam-Gibbs,0.37821802496910095,0.41351938247680664,0.5193048715591431
MYEGA,0.45625415444374084,0.5762231945991516,0.6016737222671509
Avramov-Milchev,0.378016859292984,0.46325263381004333,0.5163198709487915
