,Training,Validation,Testing
Adam-Gibbs,0.25686466693878174,0.46199798583984375,0.5911149382591248
MYEGA,0.28164103627204895,0.5537487268447876,0.6421749591827393
Avramov-Milchev,0.23341049253940582,0.46926695108413696,0.6075729727745056
