,Training,Validation,Testing
Adam-Gibbs,0.29428791999816895,0.3177173435688019,0.39264145493507385
MYEGA,0.3025299310684204,0.4149748384952545,0.4250209331512451
Avramov-Milchev,0.3065184950828552,0.39261382818222046,0.4000849723815918
